Image,Item Name,SKU,Status,Price (USD),Business price,Business strategy,Inventory,Fulfillment,Last modified,Actions
https://i5.walmartimages.com/asr/24c98d79-0478-4628-af63-e8c95562510c.9cbf0cebcc4634702223da28489123fb.jpeg,"Earthwise EcoSeed Grass Seed Mix, Fine Fescue Blend, No Mow, Drought & Shade Tolerant Lawn Seed, 5 lb, Covers 1,000 Sq ft",WJ-LJTL-4AOK,PUBLISHED,33,,,62,Walmart fulfilled (WFS),"May 21st 26, 11:31 am",
https://i5.walmartimages.com/asr/353f9c7b-0b67-4fb0-833c-e2e24d5db593.0ba9d8186f73f306691922c594f4fd28.jpeg,"Earthwise Microclover Alternative Lawn Seed, Low-Maintenance, Eco-Friendly Turf, 1lb, Covers 500–1000 Sq ft",MY-DA27-G9IN,PUBLISHED,26.95,,,50,Seller fulfilled (WFS Eligible),"May 20th 26, 3:34 pm",
https://i5.walmartimages.com/asr/353f9c7b-0b67-4fb0-833c-e2e24d5db593.0ba9d8186f73f306691922c594f4fd28.jpeg,"Earthwise Microclover Alternative Lawn Seed, Low-Maintenance, Eco-Friendly Turf, 1/2 lb, Covers 250–500 Sq ft",SI-2DVY-K41J,PUBLISHED,19.95,,,39,Seller fulfilled (WFS Eligible),"May 20th 26, 3:34 pm",
https://i5.walmartimages.com/asr/8b4473ee-ab49-4f34-8b37-3df50f2915d0.bb288370b92f75067ce7ddd278e70fcd.jpeg,"Earthwise Lone Star Native Wildflower Seed Mix. Texas Native Prairie Grasses, Pollinator Friendly, Drought Resilient, Soil Health Booster, Organic, Chemical-Free, Covers 2,000 Sq ft, 1 lb",EW00110,PUBLISHED,69.95,,,49,Seller fulfilled,"May 19th 26, 9:35 pm",
https://i5.walmartimages.com/asr/72752eff-11ec-4451-8923-ff26e52354e0.8173b31e1ba25d80d0bedb729bb415a5.jpeg,Earthwise Southeast Native Meadowscaping Mix – 1/4 lb – Covers up to 500sqft,58-T4U7-MIR5,PUBLISHED,19.95,,,52,Seller fulfilled (WFS Eligible),"May 17th 26, 2:56 pm",
https://i5.walmartimages.com/asr/56c471e6-6cdd-4ae5-b2d5-e21e6b99e270.0f7887a8a14261128d804ecea970cc20.jpeg,"Earthwise Crimson Clover Seed (Trifolium Incarnatum), 5 lb Bag, Covers Up to 5,000 sq ft, Over & Over Variety",NN-IV9P-BYLH,PUBLISHED,25,,,47,Seller fulfilled (WFS Eligible),"May 17th 26, 11:33 am",
https://i5.walmartimages.com/asr/4f93f750-1772-4b8a-a8c0-8bc7459b3abf.6919a24850d2131988ef5110f4a0bf6c.jpeg,"Earthwise Seed-Tac Organic Tackifier for Erosion Control and Soil Stabilization, Plant-Based Soil Binder, 1 lb, Covers 500 Sq ft",6W-STGZ-XS3U,PUBLISHED,9.95,,,20,Seller fulfilled (WFS Eligible),"May 17th 26, 11:33 am",
https://i5.walmartimages.com/asr/1dbd41eb-5952-49a4-8b16-139398f4a934.5e31eb67fc8ebda41461406cb8dd4009.jpeg,Earthwise Low Grow Alternative Lawn Mix - No Mow - 5lb - Covers 2000sq. ft. (Bare) / 5000sq. ft. (overseed),OU-BBER-OAHZ,PUBLISHED,59.95,,,30,Seller fulfilled (WFS Eligible),"May 17th 26, 11:33 am",
https://i5.walmartimages.com/asr/1dbd41eb-5952-49a4-8b16-139398f4a934.5e31eb67fc8ebda41461406cb8dd4009.jpeg,"Earthwise Seed Company Low Grow Alternative Lawn Mix Grass Seeds, 1 lb - Hardy, Covers 400 Sq. ft. (Bare) / 1000 Sq. ft. (overseed)",OS-G8X1-8OSI,PUBLISHED,16.95,,,27,Seller fulfilled (WFS Eligible),"May 17th 26, 11:33 am",
https://i5.walmartimages.com/asr/5a027552-34f6-4861-8c69-79b60e7e763d.e86e57283c1d3a24cd93d6a9bcef0201.jpeg,"Earthwise Northeast Native & Naturalized Wildflower Mix, 1/2 lb, Pollinator-Friendly, Easy-Grow Seeds, Covers 1000 sq. ft.",SH-061W-7ZXW,PUBLISHED,38,,,51,Seller fulfilled (WFS Eligible),"May 17th 26, 11:32 am",
https://i5.walmartimages.com/asr/f520b924-d4bd-4241-be87-f7c0f4d9b735.27ca8c3615ed452701c4bffc06a67d06.jpeg,Earthwise Knee High Wildflower Meadow Blend – 1lb – Covers 1000sqft,CA-J5X7-JWQT,PUBLISHED,33.5,,,52,Seller fulfilled (WFS Eligible),"May 17th 26, 11:32 am",
https://i5.walmartimages.com/asr/205c4250-b2e6-4807-a838-df4324c5fe2f.19e511cd3de15f929af9281afd209028.jpeg,Earthwise Seed Company No Deer Here Wildflower Mix – 1lb – Covers 1500sqft,6L-WGUT-BYXD,PUBLISHED,42.5,,,52,Seller fulfilled (WFS Eligible),"May 17th 26, 11:32 am",
https://i5.walmartimages.com/asr/6d907307-a831-4472-b306-219676fb16ae.076d7e047dc570b32e5328c4c87bf5bc.jpeg,"Earthwise Western Wonders Wildflower Seed Mix, 1/2 lb, Attracts Bees & Butterflies, Native & Easy-Grow, Covers 500 Sq. ft.",80-L45X-8BF6,PUBLISHED,50,,,51,Seller fulfilled (WFS Eligible),"May 17th 26, 11:31 am",
https://i5.walmartimages.com/asr/1dbd41eb-5952-49a4-8b16-139398f4a934.5e31eb67fc8ebda41461406cb8dd4009.jpeg,"Earthwise Low Grow Alternative Lawn Mix, No Mow Grass Seed, 50 lb, Covers 1 acre",GO-X25M-6R3Q,PUBLISHED,389.95,,,50,Seller fulfilled (WFS Eligible),"May 17th 26, 11:31 am",
https://i5.walmartimages.com/asr/5a027552-34f6-4861-8c69-79b60e7e763d.e86e57283c1d3a24cd93d6a9bcef0201.jpeg,"Earthwise Seed Company Northeast Native Wildflower Seed Grass Seeds, 1 lb - Hardy, Covers 2000 Sq. ft.",9O-XKKL-VAFP,PUBLISHED,83,,,50,Seller fulfilled (WFS Eligible),"May 17th 26, 11:31 am",
https://i5.walmartimages.com/asr/a82addd4-87fe-4779-b134-37077c0e1d05.dffbb989f3e7a377bcd67949b0894233.jpeg,Earthwise Monarch Meadow Native Mix – 1/2lb = 1200sqft,D1-NPQ3-34GU,PUBLISHED,50,,,52,Seller fulfilled (WFS Eligible),"May 17th 26, 11:31 am",
https://i5.walmartimages.com/asr/c33efeb5-34b6-416a-91b3-328233c95a6d.34828bf96099df8d9b96a4c4eb3c0660.jpeg,Earthwise PetLawn Seed Mix – 50lb – Covers 1/2 Acre,3E-0EMM-E52C,PUBLISHED,319,,,52,Seller fulfilled (WFS Eligible),"May 17th 26, 11:30 am",
https://i5.walmartimages.com/asr/9343dbfa-2959-44ad-b212-dd0990a91783.3c721d95641e830b4adc146e5fc8f8ee.jpeg,"Earthwise Hummingbird Haven Flower Seed Mix, Attracts Hummingbirds, 1lb, Covers 2400 sq ft",8U-VF1Y-XKUQ,PUBLISHED,50,,,52,Seller fulfilled (WFS Eligible),"May 17th 26, 11:30 am",
https://i5.walmartimages.com/asr/d72ade66-dd09-453f-97de-7c9f3c825843.0467d822a96ca156e89db49075021405.jpeg,"Earthwise Midwest Native Wildflower Seed Mix, 1lb, Covers 1000 Sq ft, Region-Specific Flowers for Pollinators & Meadowscaping",6K-ENM3-HXAW,PUBLISHED,40,,,50,Seller fulfilled (WFS Eligible),"May 17th 26, 11:29 am",
https://i5.walmartimages.com/asr/1c5eed4b-0d74-45c8-bc3c-f2a60dd0d60e.a5e5d8ca0cc06873323af18d80a6d79b.jpeg,"Earthwise Meadowscaping Alternative Lawn Seed Mix, 1lb Native Blend for Low-Maintenance Lawns, Covers 1000 sq ft",EART-MDWP-16LB,PUBLISHED,23.96,,,48,Seller fulfilled (WFS Eligible),"May 17th 26, 11:29 am",
https://i5.walmartimages.com/asr/72752eff-11ec-4451-8923-ff26e52354e0.8173b31e1ba25d80d0bedb729bb415a5.jpeg,"Earthwise Southeast Native Meadowscaping Seed Mix for Pollinator Gardens and Ground Cover, Heat and Humidity Tolerant Blend, ½ lb, Covers 1,000 Sq ft",X5-ODW1-D6EB,PUBLISHED,29.95,,,52,Seller fulfilled (WFS Eligible),"May 17th 26, 11:29 am",
https://i5.walmartimages.com/asr/711ecb01-44d8-47d2-8454-aaa1e288bebf.a21264a0581418893f092018bc5613d1.jpeg,"Earthwise Seed Company Tri-Clover Lawn Blend Tri-Clover Seed Grass Seeds, 5 lb - Hardy, Covers 10000 Sq. ft.",LT-P94Z-WRSH,PUBLISHED,38.5,,,38,Seller fulfilled (WFS Eligible),"May 17th 26, 11:28 am",
https://i5.walmartimages.com/asr/9343dbfa-2959-44ad-b212-dd0990a91783.3c721d95641e830b4adc146e5fc8f8ee.jpeg,"Earthwise Hummingbird Haven Seed Mix, Attracts Hummingbirds, Nectar Rich Blooms, Pollinator Friendly, Organic, Chemical-Free, Drought Tolerant, Full Sun, Covers 1,200 Sq ft, 1/2 lb",WA-KPNP-UDCP,PUBLISHED,30,,,52,Seller fulfilled (WFS Eligible),"May 17th 26, 11:28 am",
https://i5.walmartimages.com/asr/1bff73bb-ba1f-4c97-8d78-55d08681f423.cca397b911fd74d6ae0e9632646ed009.jpeg,"Earthwise Pollinator Paradise Native Wildflower Seed Mix for Bee and Butterfly Gardens, Drought Tolerant Blend,  ½ lb, Covers 1,200 Sq ft.",9U-QAYS-09UA,PUBLISHED,65,,,52,Seller fulfilled (WFS Eligible),"May 17th 26, 11:27 am",
https://i5.walmartimages.com/asr/9ce4ccc2-1bbf-4c02-9eb6-fb4503588f3c.4b903419a3d2fee4143987af6448d538.jpeg,Earthwise Southwest Native Meadowscaping Mix Alternative Lawn Seed – 1/2 lb – Covers 500sqft,H1-C3SR-83O5,PUBLISHED,39.95,,,51,Seller fulfilled (WFS Eligible),"May 17th 26, 11:27 am",
https://i5.walmartimages.com/asr/c33efeb5-34b6-416a-91b3-328233c95a6d.34828bf96099df8d9b96a4c4eb3c0660.jpeg,"Earthwise PetLawn Seed Mix, 5 lb, Dog & Pet-Friendly Grass Seed, Fast-Growing, Durable Lawn, Covers 2000 sq. ft. (Bare) / 5000 sq. ft. (Overseed)",SB-28XJ-N4IJ,PUBLISHED,49.95,,,49,Seller fulfilled (WFS Eligible),"May 17th 26, 11:26 am",
https://i5.walmartimages.com/asr/9ce4ccc2-1bbf-4c02-9eb6-fb4503588f3c.4b903419a3d2fee4143987af6448d538.jpeg,"Earthwise Southwest Native Meadowscaping Mix, 1 lb, Alternative Lawn & Wildflower Seeds, Drought-Tolerant, Covers 1000 Sq. ft.",VB-6K2M-18P9,PUBLISHED,69.95,,,50,Seller fulfilled (WFS Eligible),"May 17th 26, 11:26 am",
https://i5.walmartimages.com/asr/1bff73bb-ba1f-4c97-8d78-55d08681f423.cca397b911fd74d6ae0e9632646ed009.jpeg,"Earthwise Pollinator Paradise Native Wildflower Seed Mix for Bee and Butterfly Gardens, Drought Tolerant Blend, 1 lb, Covers 2,400 Sq ft",9H-V9KQ-DRAD,PUBLISHED,112.5,,,52,Seller fulfilled (WFS Eligible),"May 17th 26, 11:26 am",
https://i5.walmartimages.com/asr/72752eff-11ec-4451-8923-ff26e52354e0.8173b31e1ba25d80d0bedb729bb415a5.jpeg,"Earthwise Southeast Native Meadowscaping Seed Mix for Pollinator Gardens and Ground Cover, Heat and Humidity Tolerant Blend, 1 lb, Covers 2,000 Sq ft",O9-LLWZ-OOQ2,PUBLISHED,49.95,,,52,Seller fulfilled (WFS Eligible),"May 17th 26, 11:26 am",
https://i5.walmartimages.com/asr/f520b924-d4bd-4241-be87-f7c0f4d9b735.27ca8c3615ed452701c4bffc06a67d06.jpeg,"Earthwise Knee High Wildflower Meadow Blend, 5lb Wildflower Seed Mix, Covers 10000 sq ft, Pollinator & Bee-Friendly Flowers",HG-P2A6-N9DH,PUBLISHED,150,,,52,Seller fulfilled (WFS Eligible),"May 17th 26, 11:25 am",
https://i5.walmartimages.com/asr/24c98d79-0478-4628-af63-e8c95562510c.9cbf0cebcc4634702223da28489123fb.jpeg,"Earthwise EcoSeed Grass Seed Mix, Fine Fescue Blend, No Mow, Drought & Shade Tolerant Lawn Seed, 50 lb, Covers 10,000 Sq ft",VE-P3D8-QRS4,PUBLISHED,199.95,,,50,Seller fulfilled (WFS Eligible),"May 17th 26, 11:25 am",
https://i5.walmartimages.com/asr/6d907307-a831-4472-b306-219676fb16ae.076d7e047dc570b32e5328c4c87bf5bc.jpeg,"Earthwise Western Wonders Wildflower Seed Mix, 1lb, Attracts Bees & Butterflies, Native & Easy-Grow, Covers 2000 Sq. ft.",UX-83YJ-1RHO,PUBLISHED,90,,,52,Seller fulfilled (WFS Eligible),"May 17th 26, 11:24 am",
https://i5.walmartimages.com/asr/a4e555ff-6b58-495e-aebe-de7d30d6a32a.aa7b4fed23617dae914617b59b932dc3.jpeg,Earthwise Shady Native Wildflower Mix – 1lb – Covers 750sqft,TA-O8BA-M9IL,PUBLISHED,44,,,50,Seller fulfilled (WFS Eligible),"May 17th 26, 11:23 am",
https://i5.walmartimages.com/asr/1c5eed4b-0d74-45c8-bc3c-f2a60dd0d60e.a5e5d8ca0cc06873323af18d80a6d79b.jpeg,"Earthwise Meadowscaping Alternative Lawn Seed Mix, 5 lb Native Blend for Low-Maintenance Lawns, Covers 10000 Sq ft",VB-Z99P-ZYOE,PUBLISHED,99.95,,,52,Seller fulfilled (WFS Eligible),"May 17th 26, 11:22 am",
https://i5.walmartimages.com/asr/238c0d64-3550-4727-9930-729e894520c8.3755f9547053052aa4ee31a1017aa2a5.jpeg,"Earthwise TrueGrass Native Grass Seed Mix with Texoka Buffalograss and Blue Grama, Drought Tolerant Lawn Seed, 5 lb, Covers Up to 2,500 Sq ft",8Z-1ITW-7Z70,PUBLISHED,349.95,,,52,Seller fulfilled (WFS Eligible),"May 17th 26, 6:07 am",
https://i5.walmartimages.com/asr/4e2db662-2dba-4c68-a603-a61d7f817cd2.0a670ea97271ef3e1a0c70364dd41796.jpeg,"Earthwise Fireguard Native Lawn Seed Mix, Low Growing Dense Turf, Drought Tolerant, Full Sun Grass Seed, 1 lb, Covers 500 Sq ft",BO-CR0R-M1JV,PUBLISHED,79.95,,,52,Seller fulfilled (WFS Eligible),"May 16th 26, 11:41 am",
https://i5.walmartimages.com/asr/a4e555ff-6b58-495e-aebe-de7d30d6a32a.aa7b4fed23617dae914617b59b932dc3.jpeg,"Earthwise Shady Native Wildflower Seed Mix for Shade Gardens and Pollinator Areas, Shade Tolerant Blend, 1,2 lb, Covers 375 Sq ft",U9-RK1E-4E3E,PUBLISHED,45.95,,,44,Seller fulfilled (WFS Eligible),"May 16th 26, 11:41 am",
https://i5.walmartimages.com/asr/9343dbfa-2959-44ad-b212-dd0990a91783.3c721d95641e830b4adc146e5fc8f8ee.jpeg,"Earthwise Hummingbird Haven Flower Seed Mix, Attracts Hummingbirds,1 oz, Covers 150 sq ft",08-84ZN-PUTB,PUBLISHED,13.95,,,45,Seller fulfilled (WFS Eligible),"May 16th 26, 11:41 am",
https://i5.walmartimages.com/asr/a4e555ff-6b58-495e-aebe-de7d30d6a32a.aa7b4fed23617dae914617b59b932dc3.jpeg,"Earthwise Shady Native Wildflower Seed Mix for Shade Gardens and Pollinator Areas, Shade Tolerant Blend, 1/4 lb, Covers 175 Sq ft",82-I8Y5-M4VF,PUBLISHED,24.95,,,42,Seller fulfilled (WFS Eligible),"May 16th 26, 11:41 am",
https://i5.walmartimages.com/asr/24c98d79-0478-4628-af63-e8c95562510c.9cbf0cebcc4634702223da28489123fb.jpeg,"Earthwise EcoSeed Grass Seed Mix, Fine Fescue Blend, No Mow, Drought & Shade Tolerant Lawn Seed, 1 lb, Covers 200 Sq ft",T8-3N54-E0EY,PUBLISHED,19.95,,,49,Seller fulfilled (WFS Eligible),"May 16th 26, 11:41 am",
https://i5.walmartimages.com/asr/52ac0d0a-c2ed-44a0-a9e5-f236b40623f2.bdc01e117a0def92b8d8aba4f9256e65.jpeg,"Earthwise White Dutch Clover Seed for Lawns and Ground Cover, Low Maintenance, Drought Tolerant, Full Sun, 1/2 lb, Covers 1,000 Sq ft",T3-HF7H-KX5X,PUBLISHED,9.95,,,44,Seller fulfilled (WFS Eligible),"May 16th 26, 11:41 am",
https://i5.walmartimages.com/asr/52ac0d0a-c2ed-44a0-a9e5-f236b40623f2.bdc01e117a0def92b8d8aba4f9256e65.jpeg,"Earthwise White Dutch Clover Seed for Lawns and Ground Cover, Low Maintenance, Drought Tolerant, Full Sun, 1 lb,  Covers 2,000 Sq ft",32-1YK1-BUCD,PUBLISHED,15.95,,,37,Seller fulfilled (WFS Eligible),"May 16th 26, 11:41 am",
https://i5.walmartimages.com/asr/01bbaf1f-ef70-4c85-91da-e56fcdf118c3.451f175359b58fe917f9ecf69144923f.jpeg,"Earthwise Seed Company GreenBoost Grasses Natural Fertilizers, 10 lbs, Granular, 9.6-0-0 NPK, Fast Release, Covers up to 1000 Sq ft",L7-9J6G-18ZD,PUBLISHED,36.99,,,51,Seller fulfilled,"May 16th 26, 11:41 am",
https://i5.walmartimages.com/asr/157bee72-aa55-489a-a350-eaaa9fb2a48b.efb70c553ead9a6e02dd1158f7b0db77.jpeg,"Earthwise Thyme for a Change, Wild Creeping Thyme Seeds, 1oz (~16000 Seeds), Drought-Tolerant Ground Cover,  Covers 500 Sq. ft.",B0FGJJMM35FBA,PUBLISHED,74.95,,,43,Seller fulfilled (WFS Eligible),"May 16th 26, 11:40 am",
https://i5.walmartimages.com/asr/6d907307-a831-4472-b306-219676fb16ae.076d7e047dc570b32e5328c4c87bf5bc.jpeg,"Earthwise Western Wonders Wildflower Seed Mix, 1 oz, Attracts Bees & Butterflies, Native & Easy-Grow, Covers 150 sq. ft.",TA-32SW-KO1N,PUBLISHED,19.95,,,48,Seller fulfilled (WFS Eligible),"May 16th 26, 11:40 am",
https://i5.walmartimages.com/asr/4f93f750-1772-4b8a-a8c0-8bc7459b3abf.6919a24850d2131988ef5110f4a0bf6c.jpeg,"Earthwise Seed-Tac Organic Tackifier for Erosion Control and Soil Stabilization, Plant-Based Soil Binder, 10 lb, Covers 5,000 Sq ft",YL-7A6X-SKHT,PUBLISHED,69.99,,,41,Seller fulfilled (WFS Eligible),"May 16th 26, 11:40 am",
https://i5.walmartimages.com/asr/157bee72-aa55-489a-a350-eaaa9fb2a48b.efb70c553ead9a6e02dd1158f7b0db77.jpeg,"Thyme for a Change – Wild Creeping Thyme Seeds – 1/2 oz Covers 250 sq ft (~8,000 Seeds) – Drought-Tolerant Ground Cover & Pollinator-Friendly Lawn Alternative",B0FCMH9Z9QFBA,PUBLISHED,44.95,,,36,Seller fulfilled (WFS Eligible),"May 16th 26, 11:40 am",
https://i5.walmartimages.com/asr/01bbaf1f-ef70-4c85-91da-e56fcdf118c3.451f175359b58fe917f9ecf69144923f.jpeg,Earthwise GreenBoost™ Natural Lawn Food - The Smart Snack for Your Lawn- 1lb - Covers up to 100sqft,WU-2WR7-TN7J,PUBLISHED,11.99,,,50,Seller fulfilled,"May 16th 26, 11:40 am",
https://i5.walmartimages.com/asr/40fbcd96-1418-46d5-aed3-764daf00f425.d08ffb767989b487be715c2c751cde66.jpeg,"Earthwise Seed Company Ultimate Clover Lawn Mix, Low Maintenance Yard Cover Crop, 5 lb Seed, Covers 2000 Sq Ft, Full Sun, Zones 6-9",3W-2HZV-WG44,PUBLISHED,129.95,,,48,Seller fulfilled (WFS Eligible),"May 16th 26, 11:40 am",
https://i5.walmartimages.com/asr/40fbcd96-1418-46d5-aed3-764daf00f425.d08ffb767989b487be715c2c751cde66.jpeg,"Earthwise Ultimate Clover Lawn Mix – Low-Maintenance, Eco-Friendly Yard – 1/2 lb – Covers up to 250sqft",GJ-HO8H-ENA4,PUBLISHED,16.95,,,43,Seller fulfilled (WFS Eligible),"May 16th 26, 11:40 am",
https://i5.walmartimages.com/asr/40fbcd96-1418-46d5-aed3-764daf00f425.d08ffb767989b487be715c2c751cde66.jpeg,"Earthwise Seed Company Ultimate Clover Lawn Mix Ultimate Clover Seed Grass Seeds, 1 lb - Hardy, Covers 500 Sq. ft.",JH-PX3D-GW5Z,PUBLISHED,29.95,,,27,Seller fulfilled (WFS Eligible),"May 16th 26, 11:40 am",
https://i5.walmartimages.com/asr/a82addd4-87fe-4779-b134-37077c0e1d05.dffbb989f3e7a377bcd67949b0894233.jpeg,"Earthwise Monarch Meadow Native Wildflower Seed Mix,Full Sun, 1 oz Covers 150 sq ft, Spring to Summer Blooming, Zones 6-9",D6-MK0T-XPIT,PUBLISHED,16.95,,,47,Seller fulfilled (WFS Eligible),"May 16th 26, 11:40 am",
https://i5.walmartimages.com/asr/711ecb01-44d8-47d2-8454-aaa1e288bebf.a21264a0581418893f092018bc5613d1.jpeg,"Earthwise Tri-Clover – Red, White, & Crimson Clovers – 1lb – Covers 2000sqft (1 lb)",S5-I1AT-7HP2,PUBLISHED,21.95,,,40,Seller fulfilled (WFS Eligible),"May 16th 26, 11:40 am",
https://i5.walmartimages.com/asr/dad467ca-fa70-45c4-a365-8dc93d8990d1.689e61f933f98d72091d8b8abed1edab.jpeg,"Earthwise Tri-Clover - Red, White, & Crimson Clovers - Alternative Lawn Seed - 1/2lb - Covers 1000sqft",J0-17UB-UUMD,PUBLISHED,11.95,,,28,Seller fulfilled (WFS Eligible),"May 16th 26, 11:40 am",
https://i5.walmartimages.com/asr/c33efeb5-34b6-416a-91b3-328233c95a6d.34828bf96099df8d9b96a4c4eb3c0660.jpeg,"Earthwise PetLawn Seed Mix,1lb, Dog & Pet-Friendly Grass Seed, Fast-Growing, Durable Lawn, Covers 400 sq. ft. (Bare) / 1000 sq. ft. (Overseed)",JF-8NA5-00CO,PUBLISHED,35.99,,,131,Walmart fulfilled (WFS),"May 16th 26, 11:40 am",
https://i5.walmartimages.com/asr/f520b924-d4bd-4241-be87-f7c0f4d9b735.27ca8c3615ed452701c4bffc06a67d06.jpeg,"Earthwise Knee High Wildflower Meadow Blend, 1/4 lb Wildflower Seed Mix, Covers 250 sq ft, Pollinator & Bee-Friendly Flowers",ZP-7E4B-WH3E,PUBLISHED,22.95,,,48,Seller fulfilled (WFS Eligible),"May 16th 26, 11:40 am",
https://i5.walmartimages.com/asr/5a027552-34f6-4861-8c69-79b60e7e763d.e86e57283c1d3a24cd93d6a9bcef0201.jpeg,"Earthwise Northeast Native & Naturalized Wildflower Mix, 1/4 lb, Pollinator-Friendly, Easy-Grow Seeds, Covers 500 Sq. ft.",Y7-66MW-HXVL,PUBLISHED,39.95,,,50,Seller fulfilled (WFS Eligible),"May 16th 26, 11:40 am",
https://i5.walmartimages.com/asr/d72ade66-dd09-453f-97de-7c9f3c825843.0467d822a96ca156e89db49075021405.jpeg,"Earthwise Midwest Native Wildflower Seed Mix, 1/4 lb, Covers 250 sq ft, Region-Specific Flowers for Pollinators & Meadowscaping",96-E1C0-4H8V,PUBLISHED,24.95,,,45,Seller fulfilled (WFS Eligible),"May 16th 26, 11:39 am",
https://i5.walmartimages.com/asr/205c4250-b2e6-4807-a838-df4324c5fe2f.19e511cd3de15f929af9281afd209028.jpeg,"Earthwise No Deer Here Wildflower Mix, 1/2 lb, Deer-Resistant, Easy-Grow Wildflower Seeds, Covers 750 Sq. ft.",RP-M5M9-ZMRT,PUBLISHED,45.95,,,49,Seller fulfilled (WFS Eligible),"May 16th 26, 11:39 am",
https://i5.walmartimages.com/asr/f520b924-d4bd-4241-be87-f7c0f4d9b735.27ca8c3615ed452701c4bffc06a67d06.jpeg,Earthwise Knee High Wildflower Meadow Blend – 1/2 lb – Covers 500sqft,RF-RB3E-F883,PUBLISHED,39.95,,,49,Seller fulfilled (WFS Eligible),"May 16th 26, 11:39 am",
https://i5.walmartimages.com/asr/d72ade66-dd09-453f-97de-7c9f3c825843.0467d822a96ca156e89db49075021405.jpeg,"Earthwise Midwest Native Wildflower Seed Mix, 1/2 lb, Covers 500 Sq ft, Region-Specific Flowers for Pollinators & Meadowscaping",QQ-W2AA-6H8M,PUBLISHED,44.5,,,49,Seller fulfilled (WFS Eligible),"May 16th 26, 11:39 am",
https://i5.walmartimages.com/asr/238c0d64-3550-4727-9930-729e894520c8.3755f9547053052aa4ee31a1017aa2a5.jpeg,"Earthwise TrueGrass Native Grass Seed Mix with Texoka Buffalograss and Blue Grama, Drought Tolerant Lawn Seed, 1 lb, Covers 500 Sq ft",3N-DMP2-5670,PUBLISHED,79.95,,,48,Seller fulfilled (WFS Eligible),"May 16th 26, 11:39 am",
https://i5.walmartimages.com/asr/52ac0d0a-c2ed-44a0-a9e5-f236b40623f2.bdc01e117a0def92b8d8aba4f9256e65.jpeg,"Earthwise White Dutch Clover Seed for Lawns and Ground Cover, Low Maintenance, Drought Tolerant, Full Sun, 5 lb, Covers up to 10,000 Sq ft",BN-ZAMG-I21J,PUBLISHED,64.95,,,40,Seller fulfilled (WFS Eligible),"May 16th 26, 11:39 am",
https://i5.walmartimages.com/asr/56c471e6-6cdd-4ae5-b2d5-e21e6b99e270.0f7887a8a14261128d804ecea970cc20.jpeg,"Earthwise Crimson Clover Seed (Trifolium Incarnatum),1/2 lb Bag, Covers Up to 500 sq ft, Over & Over Variety",FK-8V91-183A,PUBLISHED,9.95,,,37,Seller fulfilled (WFS Eligible),"May 16th 26, 11:39 am",
https://i5.walmartimages.com/asr/56c471e6-6cdd-4ae5-b2d5-e21e6b99e270.0f7887a8a14261128d804ecea970cc20.jpeg,"Earthwise Seed Company Crimson Clover Seeds, 1 lb Coverage 1000 sq ft, Spring Blooming Cover Crop (1 lb)",HT-Q987-S09J,PUBLISHED,14.95,,,49,Seller fulfilled (WFS Eligible),"May 16th 26, 11:39 am",
https://i5.walmartimages.com/asr/d16a3f5e-7991-480a-ad25-286e0e0238d0.6f7ecfd784c9ce00ebefe7cb42d2de79.jpeg,"Earthwise Low Grow Alternative Lawn Mix, No Mow Grass Seed, 1/2 lb, Covers 200 sq. ft. Bare or 500 sq. ft. Overseed",J4-MQDY-P96U,PUBLISHED,17.95,,,37,Seller fulfilled (WFS Eligible),"May 16th 26, 11:39 am",
https://i5.walmartimages.com/asr/e447f357-cd98-46b9-8cef-7d3245a7fd8d.29c9668063cd63199b974184c4e0d21e.jpeg,"Earthwise Monarch Meadow Native Wildflower Seed Mix, Monarch Magnet, Pollinator Friendly, Colorful Blooms, Drought Tolerant, Organic, Chemical-Free, Pet Safe, Covers 2,400 Sq ft, 1 lb",EW00022,PUBLISHED,82.5,,,52,Seller fulfilled,"May 5th 26, 11:12 pm",
https://i5.walmartimages.com/asr/a1b26aa8-8b83-41fb-96fc-0950573bdaca.266312e51803ed6508dc1645957282b0.jpeg,"Earthwise Shady Native Wildflower Seed Mix – Shade Tolerant, Pollinator Friendly, Low Maintenance, Organic, Chemical-Free, Pet Safe, Moisture Adaptable, Non-GMO – Covers Up to 10,000 sq ft, 5 lb",EW00087,PUBLISHED,165,,,52,Seller fulfilled,"May 2nd 26, 4:27 pm",
https://i5.walmartimages.com/asr/9f739373-1075-4a2e-bcab-f68d394a18f3.0479243ced1ae06790de2a9dfa06ba1d.jpeg,"Earthwise Northeast Native and Naturalized Wildflower Seed Mix, Season-Long Color, Pollinator Friendly, Organic, Low Maintenance, Chemical-Free, Pet Safe, Covers 10,000 Sq ft, 5 lb",EW00052,PUBLISHED,250,,,52,Seller fulfilled,"May 2nd 26, 4:27 am",
https://i5.walmartimages.com/asr/4bdf9353-88f0-43b4-b0fb-faf8a0454463.6a7e9ed87b713acbec67dcbfe9121ad9.jpeg,"Earthwise Southwest Native Meadowscaping Alternative Lawn Seed Mix – Drought Tolerant, Low Maintenance, Pollinator Friendly, Organic, Native Wildflowers, Pet Safe – Covers Up to 10,000 sq ft, 5 lb",EW00016,PUBLISHED,149.95,,,52,Seller fulfilled,"May 2nd 26, 4:20 am",
https://i5.walmartimages.com/asr/9e820f4d-42dc-4f22-a899-0049c1953e50.fda26c591066ad3aace36b1c705f59f8.jpeg,"Earthwise Red Velvet Alternative Lawn Seed, Red Carpet Clover Seed, Low Growing Lawn Cover, Pollinator Friendly, Drought Tolerant, Organic, Chemical-Free, Covers 1,000 Sq ft, 1 lb",EW00061,PUBLISHED,9.95,,,47,Seller fulfilled,"Apr 30th 26, 8:27 am",
https://i5.walmartimages.com/asr/29b52e5b-b461-4907-8fce-cbd1b0476a11.95d6f6340f15fa6ea0cdd7e3f8ea77e7.jpeg,"Earthwise Creeping Smartweed Seed, Native Groundcove, Low Growing 4 to 6 in, Pink Blooms, Pollinator Friendly, Water Efficient, Pet Safe, Organic, Chemical-Free,  Covers 600 sq ft, 1/4 lb",EW00105,PUBLISHED,17.95,,,46,Seller fulfilled,"Apr 30th 26, 8:26 am",
https://i5.walmartimages.com/asr/b00fa6da-4ea0-4ec5-b636-7dc097194ab8.eb5b630dd9a0ae0c24ae43ca6644828a.png,"Earthwise Pollinator Paradise Native Wildflower Seed Mix for Bee and Butterfly Gardens, Drought Tolerant Blend, 1 oz, Covers up to 150 Sq ft",ZU-AUZZ-9QMS,PUBLISHED,11,,,49,Seller fulfilled (WFS Eligible),"Apr 29th 26, 4:27 pm",
https://i5.walmartimages.com/asr/f04aea91-a7e1-4e2d-a5d1-b30409da2155.51bec49c89746a28cb06b14ba3ac842c.png,"Earthwise No Deer Here Wildflower Mix, 5lb, Deer-Resistant, Easy-Grow Wildflower Seeds, Covers 7500 Sq. ft.",3K-2YYL-2OVT,PUBLISHED,150,,,52,Seller fulfilled (WFS Eligible),"Apr 28th 26, 10:11 pm",
https://i5.walmartimages.com/asr/f01e132b-ef39-4d0b-938c-cf0e81fdda19.fd6d3f75bc08286195dfe8b0ee12c157.jpeg,"Earthwise DandiLawn No Mow Dandelion Lawn Seed Mix, Fine Fescue Blend, Low Growing, Pollinator Friendly, Organic, Chemical-Free, Shade Tolerant, Pet Safe, Covers 250  Sq ft, 1/2 lb",EW00116,PUBLISHED,19.95,,,49,Seller fulfilled,"Apr 24th 26, 2:13 pm",
https://i5.walmartimages.com/asr/f8a9fe76-6d8f-4a55-bdd6-3158b55a13c6.3c1a7054b1ab6fee0681e0464772c4ff.jpeg,"Earthwise DandiPure Wild Dandelion Seed, Dandelion Seed, Pollinator Friendly, Edible Plant, Low Maintenance Lawn, Organic, Chemical-Free, Covers 150 Sq ft, 1 oz",EW00121,PUBLISHED,19.95,,,49,Seller fulfilled,"Apr 23rd 26, 2:31 pm",
https://i5.walmartimages.com/asr/a5d08360-c70e-4e66-a1b6-a4f18416ce53.226533a2ffbe0144b9d0cab74fd06fd9.jpeg,"Earthwise Midwest Native Wildflower Seed Mix, Low Maintenance, Organic, Season-Long Blooms, Drought Tolerant, Pollinator Friendly, Pet Safe, Chemical-Free, Covers 10,000 Sq ft, 5 lb",EW00083,PUBLISHED,160,,,52,Seller fulfilled,"Apr 23rd 26, 1:32 pm",
