id,property,municipality,geo_tier,asset_type,units,owner_or_party,party_role,trigger,stage,project_type,score,priority,offer,source_url,source_date,confidence,status,last_outreach_date,notes
PR-0001,47 Union St,Montclair,primary,prewar apartment building,25,"buyer undisclosed; Berkadia (Nat Gambuzza, Tim Blashford) brokered",broker-path,Recorded sale $7.6M 2026-01-30; seller had renovated only 15 of 25 units,recorded sale,phased unit turns,80,immediate,B,https://re-nj.com/berkadia-updated-25-unit-apartment-building-in-montclair-sells-for-7-6-million/,2026-01-30,verified,new,,~10 units un-renovated at sale (inferred from verified 15-of-25 figure); buyer identity to pull from deed record
PR-0002,25-27 Watsessing Ave,Bloomfield,secondary,mixed-use (14 apts + 2 retail),14,25 Watsessing Realty LLC (buyer); Kislak (Squires/Scatuorchio),owner+broker,Recorded sale $2.35M reported 2026-06-25; 4 of 14 units un-renovated per marketing; steps from Watsessing station,recorded sale,phased unit turns,70,immediate,B,https://re-nj.com/bloomfield-property-with-14-apartments-retail-spaces-trades-for-2-4-million-kislak-says/,2026-06-25,verified,new,,"value-add language quoted in coverage: ""opportunity to add value"""
PR-0003,223 Prospect St,East Orange,secondary,1947 garden-style,58,Justin Square LLC (buyer); ICON RE Advisors (Oropeza/Jarvis),owner+broker,Recorded sale $7.95M reported 2026-03-13 after 30+ year hold by MCM Associates,recorded sale,portfolio rollout,70,immediate,C,https://www.citybiz.co/article/817901/icon-real-estate-advisors-arranges-7-95-million-sale-of-58-unit-east-orange-garden-style-building/,2026-03-13,verified,new,,30-yr hold = dated-kitchen inference (labeled inferred); near Morris & Essex line
PR-0004,140 East Centre St,Nutley,secondary,mixed-use (7 apts + 1 retail),7,East Centre Realty LLC (buyer); Kislak (Scatuorchio both sides),owner+broker,Recorded sale $1.63M announced 2026-08-07; longtime family owner exit,recorded sale,one-off renovation,65,immediate,A,https://www.roi-nj.com/2026/08/10/real_estate_development/mixed-use-building-in-nutley-sold-by-kislak-for-1-63m/,2026-08-07,probable,new,,Freshest capital event in the set; details from ROI-NJ snippet (direct fetch 403)
PR-0005,59-65 Church St,Montclair,primary,stalled 74-unit mixed-use construction (66 market + 8 affordable + retail),74,"S&N Developers New Jersey LLC — Dobco Group entity; Daniel Mladenovic, President & Managing Partner (public LinkedIn); prior owner exited via foreclosure",developer,Foreclosure sale ~$24.6M Sep 2025; township PILOT/redevelopment-agreement transfer vote scheduled 2026-09-15,stalled construction resuming,boutique development / kitchen recovery,75,immediate,D,https://re-nj.com/buyer-wanted-for-partially-built-74-unit-rental-project-in-montclair-jll-says/,2026-08-01,probable,new,,"Merged from parallel 2026-08-17 scan (PR #98 follow-up): buyer = Dobco Group, Mladenovic named, Sept-15 council vote. Rescored 62→75 (named decision-party + warm path + active milestone). Confirm vote outcome before follow-up"
PR-0006,"The Crossings Ph1 (Embark), Brick Church Station",East Orange,secondary,mixed-use TOD,400,Triangle Equities + Incline Capital,developer,$134M recapitalization closed early 2026; leasing underway,lease-up,high-rise closeout,60,14-day,E,https://re-nj.com/developers-of-massive-mixed-use-project-in-east-orange-land-134-million-recap/,2026-02-02,verified,new,,Punch-list/make-ready window open now; ~1000-home buildout = long relationship
PR-0007,780 Passaic Ave,West Caldwell,primary-adjacent,luxury rental,92,Accordia,developer,Site acquired + final site plan approved; groundbreaking targeted Q1 2026,preconstruction/early construction,boutique development,60,14-day,D,https://re-nj.com/accordia-closes-on-west-caldwell-site-after-landing-approvals-for-92-unit-rental-project/,2025-12-01,verified,new,,Finish procurement plausibly live now — confirm construction start
PR-0008,14 Walden Pl (Walden Apartments),Montclair,primary,apartment building,15,Curbo LLC (listing broker),broker-path,Active listing $4.85M at 4.26% cap,active listing,phased unit turns,60,14-day,A,https://www.loopnet.com/search/apartment-buildings/west-orange-nj/for-sale/,2026-08-12,verified,new,,Low in-place cap suggests priced-on-upside (inferred); CapEx sheet play with buyer via broker
PR-0009,Lackawanna Plaza Redevelopment,Montclair,primary,phased mixed-use (5 bldgs 5-6 stories; ~$326.7M project),300,BDP Holdings (principal David Placek per reporting — no direct contact sourced),developer,30-yr PILOT approved 2026-03-27; court cleared agreements 2026-03-30,pre-construction,boutique development,60,14-day,D,https://www.prnewswire.com/news-releases/favorable-court-decision-for-township-of-montclair-and-bdp-holdings-as-redevelopment-and-pilot-agreements-approved-for-lackawanna-plaza-redevelopment-302739367.html,2026-03-30,verified,new,,Six phases = multiple boutique-scale finish packages; nothing locked
PR-0010,251½ Grove Ave,Verona,primary,townhouses,84,JMF Properties LLC (Whippany),developer,Council approved developer settlement 2026-01-05; site plan still to come,entitlement,boutique development,60,14-day,D,https://myveronanj.com/2026/01/08/council-oks-townhouse-development-on-grove/,2026-01-08,verified,new,,JMF also active in Glen Ridge (HEFSP settlement) — one relationship two towns
PR-0011,214 Glenwood Ave,East Orange,secondary,apartment building,45,Hudson Atlantic Realty (listing broker),broker-path,Active listing $7.65M / 6.62% cap,active listing,portfolio rollout,50,monitor,A,https://www.loopnet.com/search/apartment-buildings/nutley-nj/for-sale/,2026-08-12,verified,watch,,Program-size; CapEx-sheet offer to buyer via broker when under contract
PR-0012,"Franklin Towers, 165 Franklin St",Bloomfield,secondary,prewar 1928 six-story,63,Franklin Towers Property Management LLC (buyer); Kislak brokered,owner,Recorded sale $10.99M reported 2025-12-01,recorded sale,relationship,50,monitor,C,https://jerseydigs.com/franklin-towers-bloomfield-sold/,2025-12-01,verified,watch,,Marketing says kitchens updated — relationship + future turns only
PR-0013,260 Park St,Montclair,primary,3-story 7 apts + commercial,7,applicant not yet identified,developer,Planning Board approved 4-2 on 2026-06-15,approved,boutique development,50,monitor,D,https://montclairlocal.news/2026/06/montclair-reverses-course-approves-plan-for-7-apartments-commercial-space/,2026-06-15,probable,watch,,Pull applicant from board minutes; freshly approved = finishes unlocked
PR-0014,161 Maplewood Ave (Theater Site),Maplewood,primary,luxury apartments + restaurant,50,161 Maplewood Investors LLC / Greenpoint NJ LLC,developer,Contested; mid-July 2026 court deadline for township; unit count 50-65 in flux,contested entitlement,boutique development,48,monitor,D,https://villagegreennj.com/development/judge-gave-maplewood-mid-july-deadline-for-maplewood-ave-project-say-developers/,2026-06-15,verified,watch,,Promotes to action when litigation/mediation resolves
PR-0015,JESPY Center Prospect St,South Orange,primary,46-unit residential center,46,JESPY House,owner-nonprofit,Under construction (approved Nov 2024; described u/c in Jan 2026 coverage),under construction,boutique development,50,monitor,D,https://www.roi-nj.com/2026/01/07/lifestyle/south-orange-planning-board-greenlights-jespy-proposal-for-the-hub/,2026-01-07,verified,watch,,Special-needs housing; finishes may be in procurement — confirm GC
PR-0016,Livana Livingston (ex-Westminster),Livingston,primary,two-building luxury rental,280,Kushner (developer); Lessard Design (architect),developer,Ground broken (RE-NJ 2025-06-27); completion 2027,under construction,high-rise closeout,48,monitor,E,https://re-nj.com/kushner-breaks-ground-on-280-unit-rental-project-at-ex-westminster-hotel-site-in-livingston/,2025-06-27,verified,watch,,Interior spec may be locked — relationship + punch-list window 2027
PR-0017,Soho Park Residences,Nutley,secondary,55+ luxury,85,developer unnamed in sources; JLL arranged $29.5M loan,developer,Vertical construction began spring 2025; completion spring 2027,under construction,high-rise closeout,45,monitor,E,https://www.jll.com/en-us/newsroom/new-jersey-construction-loan-for-soho-park-residences,2025-04-01,verified,watch,,Punch-list window ≈ late 2026-early 2027; identify developer first
PR-0018,REV by Vermella,Belleville,secondary,luxury rental + retail,268,Russo Development,developer,Open for leasing 2025-03-27,lease-up,high-rise closeout,50,monitor,E,https://russodevelopment.com/property/rev-by-vermella/,2025-03-27,verified,watch,,Russo also owns Essex & Crane Orange — one relationship two lease-ups
PR-0019,Hue Soul,East Orange,secondary,rental,116,TAY Investments,developer,Bridge loan financing; leasing data stale as of Aug 2025 — 2026 refresh not yet found,lease-up,high-rise closeout,55,monitor,E,https://re-nj.com/tay-investments-opens-116-unit-rental-building-to-transform-east-orange-site/,2025-08-19,verified,watch,,Reconciled 2026-09-21 from 2026-09-14 Supabase-only scan (git/Supabase sync gap — see this week's report Section 7). Score 52→55. This week's fresh scan is re-checking for 2026 stabilization data (see report Section 7).
PR-0020,Essex & Crane by Vermella,Orange,secondary,405-unit TOD (Ph II done 2025),405,Russo Development + Dinallo Construction,developer,Phase II (201 units) completed 2025,recently opened,high-rise closeout,50,monitor,E,https://russodevelopment.com/property/essex-crane-by-vermella/,2025-06-30,verified,watch,,Post-stabilization/replacement-parts target; pair with PR-0018
PR-0021,The Royal 620 Bloomfield Ave,Bloomfield,secondary,luxury rental,199,owner marketing via JLL,owner,Building marketed for sale (RE-NJ 2025-08-03),for sale,relationship,48,monitor,E,https://re-nj.com/developer-looks-to-sell-new-199-unit-luxury-rental-building-in-bloomfield-jll-says/,2025-08-03,verified,watch,,Watch for buyer — new owner = refresh/turn program
PR-0022,99 Valley Rd,Montclair,primary,12-unit rooming-style,12,ASE Valley Realty LLC (probable),owner,Recently delisted from LoopNet; shared-kitchen configuration,delisted,one-off renovation,45,monitor,B,https://www.loopnet.com/Listing/99-Valley-Rd-Montclair-NJ/34293936/,2026-08-12,verified,watch,,Kitchen-heavy configuration; ownership intent not verified
PR-0023,61-63 Chestnut St,West Orange,primary,multifamily,6,Horvath & Tremblay (broker; agent Mike Agrifolio),broker-path,"Active listing, unchanged — no buyer interest signal found since original listing",active listing,one-off renovation,35,archive-unless-strategic,A,https://www.loopnet.com/search/apartment-buildings/west-orange-nj/for-sale/,2026-08-12,verified,watch,,"Reconciled 2026-09-21 from 2026-09-14 Supabase-only scan (git/Supabase sync gap — see this week's report Section 7). Score 52→35 (staleness penalty — listing unchanged, no transaction momentum)."
PR-0024,47 Washington Ave,Nutley,secondary,apartment building,6,Weichert Commercial (broker),broker-path,Active listing $1.525M,active listing,one-off renovation,50,monitor,A,https://www.loopnet.com/search/apartment-buildings/nutley-nj/for-sale/,2026-08-12,verified,watch,,
PR-0025,27 Longview St,West Orange,primary,apartment building,5,"Brokers Brandon Zaleski, Dominic Maida",broker-path,"Active listing $999,999",active listing,one-off renovation,48,monitor,A,https://www.cityfeet.com/cont/essex-county-nj/apartment-buildings-for-sale,2026-08-12,verified,watch,,
PR-0026,West Orange 3-Property Portfolio,West Orange,primary,mixed portfolio (3 properties),0,Weichert Commercial (broker),broker-path,Active portfolio listing; price upon request,active listing,portfolio rollout,48,monitor,C,https://www.loopnet.com/search/apartment-buildings/west-orange-nj/for-sale/,2026-08-12,verified,watch,,Composition not verified — request details via broker
PR-0027,390 Orange Rd,Montclair,primary,apartment building,5,Berkshire Hathaway Commercial (Roman Drukarov),broker-path,Active listing $1.17M / 5.93% cap,active listing,one-off renovation,50,monitor,A,https://www.cityfeet.com/cont/essex-county-nj/apartment-buildings-for-sale,2026-08-12,verified,watch,,
PR-0028,381 Bloomfield Ave,Montclair,primary,mixed-use (restaurant + 4 apts),4,broker not identified (MLS 4025220),unknown,Active $2.2M; 3 of 4 units month-to-month; walk to Bay St station,active listing,one-off renovation,45,monitor,A,https://www.landwatch.com/essex-county-new-jersey-commercial-property-for-sale/pid/426582605,2026-08-12,probable,watch,,Income-growth language quoted; identify listing broker
PR-0029,41 Mission St (+43 lot),Montclair,primary,small multifamily,4,broker not shown,unknown,Active $1.6M; ~$107K annual income; all tenant-occupied,active listing,one-off renovation,45,monitor,A,https://www.homes.com/montclair-nj/multi-family-homes-for-sale/,2026-08-12,verified,watch,,
PR-0030,76 Grove St,Montclair,primary,4-unit Colonial,4,broker not shown,unknown,Active $1.325M; ~5.8% cap fully leased,active listing,one-off renovation,44,archive-unless-strategic,A,https://www.homes.com/montclair-nj/multi-family-homes-for-sale/,2026-08-12,verified,watch,,
PR-0031,11 N Mountain Ave,Montclair,primary,legal boarding house (4 units),4,broker not shown,unknown,Active $1.35M,active listing,one-off renovation,40,archive-unless-strategic,B,https://www.homes.com/montclair-nj/multi-family-homes-for-sale/,2026-08-12,verified,archived,,Special-use asset
PR-0032,13 Carpenter Terrace N,Belleville,secondary,apartment building,4,broker not shown,unknown,Active $1.199M; same street as 2025 28-unit Rodani trade,active listing,one-off renovation,46,monitor,A,https://www.loopnet.com/search/apartment-buildings/belleville-nj/for-sale/,2026-08-12,verified,watch,,Investor-cluster block
PR-0033,5-22 Carpenter Terr,Belleville,secondary,seven 4-unit buildings,28,Rodani Homes LLC (buyer May 2025); Kislak brokered,owner,Sold $4.7M reported 2025-05-21,recorded sale (aging),phased unit turns,50,monitor,C,https://kislakrealty.com/news/kislak-sells-belleville-n-j-multifamily-property-for-4-7-million/,2025-05-21,probable,watch,,15 months post-close — reno window may be active or done; verify
PR-0034,1790 Springfield Ave,Maplewood,primary,mixed-use (12 units + retail; built 2024),12,Brightstar Realty & Rentals (broker),broker-path,Active listing $5.7M / 5.59% cap,active listing,relationship,42,archive-unless-strategic,A,https://www.loopnet.com/search/apartment-buildings/maplewood-nj/for-sale/,2026-08-12,verified,watch,,New build — no reno need; future-owner relationship only
PR-0035,"The Summit, 1722-1744 Springfield Ave",Maplewood,primary,new 30-unit rental,30,SANA Properties (buyer); CBRE brokered,owner,Sold $12.75M reported 2026-01-26 (delivered 2025),recorded sale,relationship,40,archive-unless-strategic,C,https://njbiz.com/the-summit-luxury-apartments-maplewood-sell-12-75m/,2026-01-26,verified,archived,,Stabilized new build; long-cycle owner relationship
PR-0036,SilverLake Apartments,Belleville,secondary,232-unit (built ~2021),232,Sym Investments (buyer); JLL brokered,owner,Sold $80M + $56M financing reported 2026-01-09,recorded sale,relationship,42,archive-unless-strategic,E,https://re-nj.com/developer-sells-four-year-old-232-unit-belleville-rental-complex-for-80-million-jll-says/,2026-01-09,verified,watch,,Program-scale owner; near-new product
PR-0037,The Parc at Summit,Summit,expansion,1950 garden-style (5 bldgs),57,buyer undisclosed; Kislak brokered,owner,Sold $22.15M reported 2025-04-02; $1.5M recent CapEx,recorded sale (aging),phased unit turns,48,monitor,B,https://jerseydigs.com/the-parc-at-summit-sells/,2025-04-02,verified,watch,,Only significant Summit trade in ~2 yrs; 1950 stock
PR-0038,2 South Willow St,Montclair,primary,200-unit (180 market),200,Tishman Speyer (buyer),owner,Bought $96.15M ~Apr 2025; planned common-area/mechanical enhancements,recorded sale,relationship,45,monitor,E,https://patch.com/new-jersey/montclair/apartment-building-montclair-sells-96-million,2025-04-21,verified,watch,,Common-area scope published — amenity/leasing millwork angle
PR-0039,555 Northfield Ave (The West),West Orange,primary,70 units + 2 commercial (built 2023),70,Invel Capital + Pearlmark (buyers),owner,Sold $40.8M reported 2025-11-17,recorded sale,relationship,40,archive-unless-strategic,E,https://www.patch.com/new-jersey/westorange/apartment-complex-west-orange-sells-40-8-million,2025-11-17,verified,archived,,New build
PR-0040,66 Olympic Ter,Irvington,secondary-spillover,apartment building,17,Icon Real Estate Advisors (broker),broker-path,Active $2.45M / 7.49% cap,active listing,phased unit turns,44,archive-unless-strategic,A,https://www.loopnet.com/search/apartment-buildings/maplewood-nj/for-sale/,2026-08-12,verified,watch,,Outside target towns; ICON relationship value
PR-0041,143-149 Prospect Ave,Irvington,secondary-spillover,apartment building,8,Lim Bances Realty (broker),broker-path,Active $1.75M / 7.20% cap,active listing,one-off renovation,40,archive-unless-strategic,A,https://www.loopnet.com/search/apartment-buildings/maplewood-nj/for-sale/,2026-08-12,verified,archived,,
PR-0042,393 Main St,East Orange,secondary,apartment building,14,broker not shown,unknown,Active $3.425M / 6.52% cap,active listing,phased unit turns,45,monitor,A,https://www.loopnet.com/search/apartment-buildings/maplewood-nj/for-sale/,2026-08-12,verified,watch,,
PR-0043,76 Ella St,Bloomfield,secondary,small apartment building,3,broker not shown,unknown,Active $778K,active listing,one-off renovation,35,archive-unless-strategic,A,https://www.cityfeet.com/cont/essex-county-nj/apartment-buildings-for-sale,2026-08-12,probable,archived,,Below unit band
PR-0044,21-25 Grove Ave,Verona,primary,11 three-bedroom townhouses,11,"Mohannad Abbasi, Abbasi Construction (owner+applicant, direct — no broker layer)",developer,"Site purchased outright ~$1.85M, 2026-07-24; Board of Adjustment approval held for 10 townhomes (revised)",application/hearing,boutique development,75,immediate,D,https://myveronanj.com/,2026-07-24,verified,new,,Reconciled 2026-09-21 from 2026-09-14 Supabase-only scan (git/Supabase sync gap — see this week's report Section 7). Score raised 58→75 (named decision-party + direct owner-builder access + no broker layer + active milestone).
PR-0045,420 Bloomfield Ave,Verona,primary,retail + up to 65 apartments,65,redevelopment concept (planner-presented),municipal,Redevelopment plan presented to Council 2026-02-23; referred to Planning Board,concept,boutique development,45,monitor,D,https://myveronanj.com/2026/02/26/council-hears-plans-for-new-housing-on-2-bloomfield-avenue-properties/,2026-02-23,probable,watch,,Developer not yet designated — watch for RFP/designation
PR-0046,885 Bloomfield Ave,Verona,primary,28 townhouses,28,concept stage,municipal,Same 2026-02-23 council presentation,concept,boutique development,44,monitor,D,https://myveronanj.com/2026/02/26/council-hears-plans-for-new-housing-on-2-bloomfield-avenue-properties/,2026-02-23,probable,watch,,
PR-0047,Ingerman project off Boyden Ave,Maplewood,primary,48 affordable apartments,48,The Ingerman Company,developer,Township to work with Ingerman in 2026 (mayor's address),pre-application,boutique development,42,archive-unless-strategic,D,https://patch.com/new-jersey/maplewood/maplewood-changes-mayors-deluca-gives-state-township-2026,2026-01-15,probable,watch,,Affordable spec — standardized-package fit but budget-driven
PR-0048,West Essex Highlands (WEHI),West Orange,primary,496 units / 4 buildings,496,developer in litigation with township,developer,Planning Board rejected May 2026; developer sued Jul 2026,rejected/litigation,relationship,30,archive-unless-strategic,D,https://montclairlocal.news/2026/07/billionaire-nfl-owner-and-developer-sues-west-orange-for-denying-500-apartment-project/,2026-07-15,verified,archived,,Revisit only if litigation revives project
PR-0049,200 Pleasant Valley Way,West Orange,primary,142 units (28 affordable),142,Redwood LLC,developer,1-year extension granted 2026-06-03 (still no permit pull / construction start),stage unknown,boutique development,45,monitor,D,https://patch.com/new-jersey/westorange/plan-build-new-apartment-complex-west-orange-moves-forward,2023-06-13,not verified,watch,,Reconciled 2026-09-21 from 2026-09-14 Supabase-only scan (git/Supabase sync gap — see this week's report Section 7). Score 40→45.
PR-0050,65 Livingston Ave (AH-8 zone),Roseland,primary,265-unit inclusionary (zoning),265,developer not identified in ordinances,municipal,AH-8 zone + site ordinances introduced ~2026-02-03,zoning,boutique development,44,monitor,D,https://roselandnj.org/DocumentCenter/View/3350/04-2026-Updated-Zoning-Ordinance-for-65-Livingston-Avenue174670861,2026-02-03,verified,watch,,Very early; identify site owner/developer
PR-0051,JESPY The Hub at Milligan Place,South Orange,primary,20-bed residence + program space,20,JESPY House,owner-nonprofit,Planning Board approved 2026-01-05,approved,boutique development,45,monitor,D,https://villagegreennj.com/community/south-orange-planning-board-approves-20-unit-milligan-place-jespy-house-development/,2026-01-12,verified,watch,,Pair with PR-0015 as one JESPY relationship
PR-0052,Summit Tower 200-206 Market St,Newark,secondary,514 units / 41 stories,514,KS Group; INOA Architects,developer,Heavy construction begun (Jersey Digs 2026-03-24),under construction,high-rise closeout,45,monitor,E,https://jerseydigs.com/summit-tower-newark-breaks-ground/,2026-03-24,verified,watch,,Model-unit/leasing-office relationship now; punch-list later
PR-0053,22 Fulton St,Newark,secondary,396 units / 21 stories,396,SK Development + Berger Organization; Beyer Blinder Belle,developer,$250M+ financing closed Dec 2025; construction 'in coming months'; completion ~2028,preconstruction,high-rise closeout,45,monitor,E,https://www.roi-nj.com/2025/12/10/real_estate_development/walker-dunlop-arranges-230m-financing-package-for-22-fulton-in-newark/,2025-12-10,verified,watch,,Preconstruction relationship window open
PR-0054,430-436 Market St,Newark,secondary,225 units / 13 stories,225,SUW K Urban Renewal LLC; Comito Associates,developer,"Under construction, nearing topping out (~2 floors/week per Aug 2026 roundup); ~30-month schedule",under construction,high-rise closeout,48,monitor,E,https://jerseydigs.com/13-story-tower-newark-east-ward/,2026-08-01,probable,watch,,Reconciled 2026-09-21 from 2026-09-14 Supabase-only scan (git/Supabase sync gap — see this week's report Section 7). Score 42→48 (construction progress toward finish-package window).
PR-0055,The Crossings Phase 2,East Orange,secondary,420 units + retail/office,420,Triangle Equities; IMC Construction (GC); Minno & Wasko,developer,$297.9M Aspire award; groundbreaking planned mid-Oct 2025; ~25-month schedule,under construction (probable),high-rise closeout,48,monitor,E,https://re-nj.com/east-orange-project-with-420-rentals-commercial-space-lands-298-million-aspire-award/,2025-09-15,probable,watch,,Same developer as PR-0006 — one relationship
PR-0056,430 William St,East Orange,secondary,"mixed-use (100 units per 2026-05 redesign, 7 stories, 82 ft; 5 studio/75 one-bed/20 two-bed)",100,430 William Holdings LLC; architect Taylor Architecture & Design (designer Italo Teixeira),developer,Renderings publicly released ~2026-09-13 for the 2026-05-approved 100-unit redesign (down from the original 115-unit 2025-11-06 approval); no construction timeline announced yet,approved,boutique development,46,monitor,D,https://hoodline.com/2026/09/east-orange-reveals-renderings-for-100-unit-tower-near-two-transit-stops/,2026-09-13,probable,watch,,"Reconciled 2026-09-21 (58->48 via Supabase catch-up), then resolved by this week's fresh scan: unit-count discrepancy settled at 100 (confirmed redesign, not an error) with developer/architect now named. Renderings-stage still pre-construction, so score held at monitor tier pending a GC/permit signal."
PR-0057,Griffith Building 605-607 Broad St,Newark,secondary,~90 apartments (historic 1927),90,ownership per Jersey Digs coverage,owner,Re-launched after renovation 2026-07-08,recently opened,relationship,40,archive-unless-strategic,E,https://jerseydigs.com/newark/,2026-07-08,probable,archived,,Just renovated
PR-0058,Halo 289-301 Washington St,Newark,secondary,1075 units (T1 297 topped out),297,Acier Holdings; Hudson Meridian (GC),developer,Topped out Feb 2024; stop-start; new lender disputes Feb 2026,troubled construction,high-rise closeout,38,archive-unless-strategic,E,https://en.wikipedia.org/wiki/The_Halo_(building_complex),2026-02-15,verified,watch,,Counterparty risk; whoever finishes interiors needs finish-stage vendors
PR-0059,Branford Place tower 52 Branford Pl,Newark,secondary,441 units / 32 stories,441,Branford Studios (Brooklyn),developer,Site plan approved 2026-07-20,approved,relationship,40,archive-unless-strategic,E,https://jerseydigs.com/branford-building-development-newark/,2026-07-31,verified,watch,,Future preconstruction
PR-0060,Benchmark at Cedar Grove,Cedar Grove,primary,138-unit senior community,138,Benchmark Senior Living + Claremont Development + March Development,developer,Ground broken Jun 2025; opening 2027,under construction,high-rise closeout,42,monitor,E,https://www.multihousingnews.com/benchmark-senior-living-breaks-ground-on-new-jersey-community/,2025-06-15,verified,watch,,IL units carry kitchens/kitchenettes
PR-0061,57-61A East Park St + 463-475 Park Ave (68-unit portfolio),East Orange / Orange,secondary,two-building multifamily portfolio,68,Shelly Holders LLC (buyer); seller Al-Kel Realty LLC (3rd-generation family); Kislak (Joni Sweetwood) brokered,owner+broker,Recorded portfolio sale ~$8M (Kislak-reported; exact date not confirmed); multi-generation family exit,recorded sale,portfolio rollout,55,monitor,C,https://re-nj.com/ (Kislak 68-unit Essex portfolio sale — via search snippet; direct fetch blocked),2026-08-17,probable,watch,,From parallel 2026-08-17 scan. Dated condition inferred from 3rd-gen family exit; identify Shelly Holders LLC principal via NJ entity search; Sweetwood is the warm path
PR-0062,"Former Sears site, Livingston Mall (15.8 acres)",Livingston,primary,planned multifamily — 376 units authorized (incl. up to 81 townhouses; 20% affordable),376,Transformco (site owner); no developer selected,municipal/owner,Redevelopment plan adopted Mar 2025; no site-plan application filed as of Aug 2026,planned pre-developer,relationship,30,archive-unless-strategic,D,https://www.livingstonnj.org/ (redevelopment plan — via search summaries),2026-08-17,not verified,watch,,From parallel scan. Check quarterly — promotes when a developer is designated
PR-0063,16 Jefferson St,Newark (Ironbound),secondary,75-unit new development,75,"J&L Companies (Gabriel Lopez, Principal — public LinkedIn); architect MVMK Architecture (Hoboken)",developer,Approved and moving forward; construction stage not confirmed,approved,boutique development,55,monitor,D,https://jerseydigs.com/ (MVMK Ironbound coverage),2026-08-17,probable,watch,,From parallel scan. Named developer + LinkedIn-findable architect = Tier-4 relationship pair; MVMK + J&L added to Prospecting tracker
PR-0064,253-259 Main St,West Orange,primary,mixed-use assemblage (4 occupied units + 11-unit/retail approved build-out),15,Owner TBD; The Kislak Company (listing broker),broker-path,Active listing with a pre-approved 11-unit/retail expansion already entitled,active listing,one-off renovation,70,14-day,A,https://kislakrealty.com/properties/?propertyId=1394889-sale,2026-09-14,probable,watch,,Reconciled 2026-09-21 from 2026-09-14 Supabase-only scan (git/Supabase sync gap — see this week's report Section 7). Also on LoopNet: https://www.loopnet.com/Listing/253-259-Main-St-West-Orange-NJ/33087788/. Confirm firm asking price before outreach (price conflict was flagged in original research).
PR-0065,57 Glenridge Ave,Montclair,primary,apartment building,6,"buyer undisclosed; seller Wickner Realty Development Corp; ICON RE Advisors (Ben Susskind, David Jarvis) brokered both sides",broker-path,"Recorded sale $2.125M, 2026-08-20 (~$354k/unit)",recorded sale,one-off renovation,70,14-day,B,https://www.citybiz.co/article/892376/icon-real-estate-advisors-arranges-2-125-million-sale-of-montclair-multifamily-property/,2026-08-20,verified (buyer identity not verified),watch,,"Reconciled 2026-09-21 from 2026-09-14 Supabase-only scan (git/Supabase sync gap — see this week's report Section 7). Entity lookup → ICON intro (Susskind/Jarvis already brokered 223 Prospect St, PR-0003)."
PR-0066,Benchmark at Roseland (Arbor Terrace Roseland),Roseland,primary,assisted living / memory care community,85,Benchmark Senior Living + National Development (JV),developer,"Acquired ~Oct 2025; active multi-phase renovation announced (dining room, cafe, gym, salon, pool, new coffee shop)","recently acquired, renovation underway",relationship,55,monitor,B,https://www.benchmarkseniorliving.com/news-article/benchmark-senior-living-national-development-expand-to-new-jersey-with-acquisition-of-first-assisted-living-community-in-roseland-nj/,2025-10-23,verified,watch,,Reconciled 2026-09-21 from 2026-09-14 Supabase-only scan (git/Supabase sync gap — see this week's report Section 7). Confirm whether in-unit kitchenettes are in the renovation scope before pitching kitchen-specific work — not yet confirmed.
PR-0067,Stephen Crane Elderly (880/900/920 Franklin Ave),Newark,secondary,senior/elderly public housing (built 1967),375,Newark Housing Authority (owner),municipal,No LIHTC/rehab record found; NHA cites ~$88M portfolio-wide deferred capital needs across its senior portfolio (avg. building age 85 yrs); pre-1978 building triggers EPA RRP lead-safe rules on any renovation,no active project — monitoring,relationship,55,monitor,E,https://citizenportal.ai/articles/7187565/Newark/Essex-County/New-Jersey/Newark-Housing-Authority-details-aging-senior-portfolio-outlines-Bradley-Court-rebuild-plan,2025-12-09,not verified (direct fetch blocked HTTP 405; search-snippet evidence only),watch,,"Reconciled 2026-09-21 from 2026-09-14 Supabase-only scan (git/Supabase sync gap — see this week's report Section 7). Any capital project runs through public procurement — monitor for an RFP naming this building, do not cold-pitch NHA."
PR-0068,Baxter Terrace Elderly (671 Dr MLK Jr Blvd),Newark,secondary,senior/elderly public housing (built 1966),235,Newark Housing Authority (owner),municipal,No LIHTC/rehab record found; NHA testimony cites this property running an operating deficit within the same ~$88M deferred-capital-needs portfolio,no active project — monitoring,relationship,53,monitor,E,https://citizenportal.ai/articles/7187565/Newark/Essex-County/New-Jersey/Newark-Housing-Authority-details-aging-senior-portfolio-outlines-Bradley-Court-rebuild-plan,2025-12-09,not verified (direct fetch blocked HTTP 405; search-snippet evidence only),watch,,"Reconciled 2026-09-21 from 2026-09-14 Supabase-only scan (git/Supabase sync gap — see this week's report Section 7). Same caveat as PR-0067 — public-procurement path only, not sales outreach."
PR-0069,Four Corners assemblage (101 & 193 Market St),Newark,secondary,mixed-use high-rise (21-story tower at 101 Market + tower at 193 Market),661,"RBH Group (Ron Beit, CEO)",developer,"$37M financing (Meridian Capital arranged) closed for 101 Market St, 2026-09; permits filed, work could start in coming months; financing also covers 193 Market St",preconstruction / permits filed,high-rise closeout,50,monitor,E,https://re-nj.com/rbh-lands-37-million-loan-for-sites-in-long-awaited-four-corners-project-in-newark/,2026-09,verified,watch,,"Reconciled 2026-09-21 from 2026-09-14 Supabase-only scan (git/Supabase sync gap — see this week's report Section 7). Unit-count discrepancy: RBH/YIMBY reporting shows 420u (101 Market, GLUCK+ design) + 241u (193 Market) = 661; the 2026-09-14 Supabase note had 479 (itself corrected from 660). Flagging, not resolving — verify total before outreach."
PR-0070,"Rimback site (former DPW storage site, downtown)",Millburn,primary,mixed-income affordable housing (settlement-driven),93,RPM Development Group + Fair Share Housing Center (litigation settlement),developer,"Township Committee approved global settlement 2026-07-29, relocating a 75-unit 100%-affordable project (orig. 9 Main St) to a 93-unit mixed-income development (75 deed-restricted affordable + market-rate) at the Rimback site",settlement approved / preconstruction,boutique development,46,monitor,D,https://patch.com/new-jersey/millburn/millburn-reaches-deal-relocate-controversial-housing-project,2026-07-29,verified,watch,,Reconciled 2026-09-21 from 2026-09-14 Supabase-only scan (git/Supabase sync gap — see this week's report Section 7). Early relationship window — introduce RPM Development pre-site-plan.
PR-0071,"270-299 Irvington Ave (""The Peaks at South Orange Village"")",South Orange,primary,"mixed-use (3 buildings, ground-floor retail)",61,"270-299 Irvington, LLC (newly designated redeveloper)",developer,Village Council designated the new redeveloper after a 3-year delay (prior developer Saiyd Nagim died 2023); groundbreaking expected spring 2026 per Village Green reporting,redeveloper designated / preconstruction,boutique development,46,monitor,D,https://villagegreennj.com/business/village-council-clears-way-for-long-awaited-redevelopment-on-irvington-avenue/,2026,verified,watch,,Reconciled 2026-09-21 from 2026-09-14 Supabase-only scan (git/Supabase sync gap — see this week's report Section 7). 12 of 61 units affordable. Early relationship window before finish specs lock — identify the LLC's principal.
PR-0072,190 River Rd,Summit,primary,"multifamily (developer ""Russo"" — full entity to confirm)",198,"Russo Development (applicant entity ""OE 190 River Road"") — parent of the Vermella brand (same firm behind Essex & Crane, Orange [PR-0020] and REV by Vermella, Belleville [PR-0018])",developer,"Planning Board reviewed outstanding items at 2026-08-17 hearing (fire-truck access, stormwater, sewer, parking, traffic, a variance-count discrepancy) — no vote/approval/denial/continuance reported as of 2026-09-21",hearing held / decision pending,boutique development,44,monitor,D,https://nj21st.com/2026/08/17/summary-of-190-river-road-development-proposal-summit-planning-board/,2026-08-17,probable,watch,,"Reconciled 2026-09-21 from Supabase, then updated by this week's fresh-scan follow-up: developer confirmed as Russo Development/Vermella (a firm we already track in 2 other towns) — relationship value raised even though the board decision is still pending. Re-check next week."
PR-0073,70 South Orange Ave,Livingston,primary,mixed-use,223,"Camelot Associates, L.P., c/o Michael Schofel (managed by Eastman Management Corp / Eastman Companies; leasing contact Eric J. Maurer)",developer,"Developer-name conflict RESOLVED — Camelot Associates LP confirmed correct via Livingston Twp LOI verification doc. Approved Sept 2025 (223 units: 222 rental + 1 super's unit, 20%/45 affordable), replacing an office building on 9 acres. Site is still active leased office (""Eastman Office Center"") — construction not started; tenant relocation/demolition inferred pending.",approved,boutique development,44,monitor,D,https://www.livingstonnj.org/DocumentCenter/View/33325/70-S-Orange-Ave---LOI-Verification,2026-09-21,probable (Livingston Twp LOI doc verified; Planning Board recap site unreachable to re-confirm directly),watch,,"Reconciled 2026-09-21 from 2026-09-14 Supabase-only scan, then resolved by this week's fresh-scan follow-up: developer name confirmed (not a conflict), construction not yet started."
PR-0074,Cortlandt Terrace (371 Cortlandt St),Belleville,secondary,"luxury rental, newly delivered, in lease-up",115,91 Terry Street Urban Renewal LLC (owner/developer); ERCT Capital (property manager); CBRE (listing broker for sale),owner+broker,"Newly delivered, in initial lease-up; owner now marketing the near-stabilized asset for sale via CBRE",lease-up / active listing (owner side),high-rise closeout,42,monitor,E,https://re-nj.com/cbre-buyer-wanted-for-newly-delivered-115-unit-rental-community-in-belleville/,2026,verified,watch,,"Reconciled 2026-09-21 from 2026-09-14 Supabase-only scan (git/Supabase sync gap — see this week's report Section 7). Two angles: (1) lease-up/make-ready now via ERCT Capital, (2) CapEx conversation with whoever buys."
PR-0075,5 Harvard St + 82 S Harrison St (+118 S Clinton St parking),East Orange,secondary,two-building multifamily (12u + 8u) + parking lot,20,"sellers 5 Harvard Street LLC / 82 South Harrison EO LLC; buyer undisclosed; The Kislak Company (Don Baxter, Michael Salomon) brokered both sides",broker-path,"Recorded sale $3,575,000, announced 2026-09-02/03",recorded sale,one-off renovation,30,archive-unless-strategic,B,https://www.roi-nj.com/2026/09/03/real_estate_development/kislak-arranges-exclusive-sale-of-20-apartments-in-east-orange-for-3-57m/,2026-09-03,verified (buyer not verified),watch,,"Reconciled 2026-09-21 from 2026-09-14 Supabase-only scan (git/Supabase sync gap — see this week's report Section 7). CAUTION: coverage states 5 Harvard St units already have renovated kitchens (shaker cabinetry, quartz, subway tile, modern appliances) — likely NOT a dated-kitchen opportunity. Scored down from Supabase's 42; kept only for Kislak repeat-deal-flow relationship tracking, not as a kitchen lead. Re-verify 82 S Harrison St condition separately before any outreach."
PR-0076,Canterly Place (51 Okner Pkwy),Livingston,primary,luxury rental (240 market + 60 affordable),300,Sterling Properties Group + Danbro Properties,developer,"Newly completed, now past 50% leased per Sept 2026 reporting",lease-up,high-rise closeout,40,archive-unless-strategic,E,https://re-nj.com/canterly-place-now-50-percent-leased-amid-strong-demand-for-livingston-rentals/,2026-09,verified,watch,,Reconciled 2026-09-21 from 2026-09-14 Supabase-only scan (git/Supabase sync gap — see this week's report Section 7). Make-ready/model-unit window open now during lease-up.
PR-0077,760 Clinton Ave,Newark,secondary,mixed-use (24 apartments + 2 retail),24,"760 Clinton Ave Shoho LLC; applicant Vancho Tolomanosi (CEO, Ironclad Security Audit)",developer,Central Planning Board approved unanimously 2026-08-10 with 9 variances,approved,boutique development,40,archive-unless-strategic,D,https://jerseydigs.com/760-clinton-ave-newark-development/,2026-08-10,verified,watch,,Reconciled 2026-09-21 from 2026-09-14 Supabase-only scan (git/Supabase sync gap — see this week's report Section 7).
PR-0078,36 Cliffside Dr,Cedar Grove,primary,two 5-story apartment buildings (317u incl. 69 affordable) + 30-unit townhome development,347,developer per TAPinto coverage — full entity/GC not confirmed,developer,"Long-stalled project advanced by Cedar Grove Township, Aug 2026; date/stage discrepancy flagged (resuming vs. still-stalled unclear)",advancing / stage unclear,boutique development,34,archive-unless-strategic,D,https://www.tapinto.net/towns/verona-slash-cedar-grove/sections/government/articles/long-stalled-cliffside-drive-project-moves-ahead-with-more-affordable-housing,2026-08,probable,watch,,Reconciled 2026-09-21 from 2026-09-14 Supabase-only scan (git/Supabase sync gap — see this week's report Section 7). Unit count reconciled to 347 total (317 apt incl. 69 affordable + 30 TH) per TAPinto — consistent with Supabase's 317+30TH. GC/builder still unconfirmed.
PR-0079,636 MLK Blvd (Martin Luther King Jr. Blvd),Newark,secondary,"mixed-use (3 buildings, 42 apartments + 11 parking)",42,Ascension Capital Partners,developer,"Newark City Council deferred (did not approve) a 25-year tax abatement ordinance, early Sept 2026 — project itself already approved, abatement now in limbo",approved (project); abatement deferred,boutique development,32,archive-unless-strategic,D,https://jerseydigs.com/636-mlk-blvd-newark-tax-break/,2026-09,verified,watch,,Reconciled 2026-09-21 from 2026-09-14 Supabase-only scan (git/Supabase sync gap — see this week's report Section 7).
PR-0080,Meridia Village Commons,South Orange,primary,"Class-A multifamily (part of a 5-property, 1,340-unit NJ portfolio)",106,Capodagli Property Company,developer/owner,"$369.6M cross-collateralized bridge refinance (Greystone/PGIM) closed on the 5-property portfolio, announced 2026-08-20",recorded refinance,portfolio rollout,32,archive-unless-strategic,C,https://www.globenewswire.com/news-release/2026/08/20/3348774/30865/en/greystone-capital-advisors-completes-369-6-million-five-property-bridge-financing-for-capodagli-property-company.html,2026-08-20,verified,watch,,Reconciled 2026-09-21 from 2026-09-14 Supabase-only scan (git/Supabase sync gap — see this week's report Section 7). Watch for any unit-level renovation/turn signal at this specific South Orange property post-refinance.
PR-0081,150-154 Milford Ave,Newark,secondary,"9-unit townhouse development (3 buildings x 3 units, 1BR/2BR mix)",9,J&J Builders (full legal entity not disclosed); architect Jorge Fernandes,developer,Newark Central Planning Board granted final site-plan approval 2026-09-14 (10 variances + 2 design waivers),approved,boutique development,44,monitor,D,https://jerseydigs.com/150-154-milford-ave-newark-development/,2026-09-17,verified,new,,"Found in this week's 2026-09-21 fresh scan (South Ward, Newark). No developer/architect firm website surfaced yet to identify a business contact channel — flag for follow-up. Site plan just finalized, no construction date yet = kitchen procurement not locked."
PR-0082,"101 Camden St (+3 more addresses in a 4-property Newark/Irvington portfolio, unresolved)",Newark,secondary,"12-unit multifamily (all 1BR/1BA, built 1900); part of a larger bank-owned value-add portfolio",12,"Seller: undisclosed lending institution (REO); buyer: undisclosed; Marcus & Millichap (Zamora team, Jack Carle) brokered",broker-path,"Reported disposition of a 4-asset bank-owned portfolio, explicitly marketed for value-add ""renovations and unit upgrades to bring rents to market""",reported sale (buyer/price undisclosed),portfolio rollout,38,archive-unless-strategic,C,https://www.roi-nj.com/2026/09/18/real_estate_development/marcus-millichap-supervises-sale-of-multifamily-portfolio-in-newark-and-irvington/,2026-09-18,probable,watch,,"Found in this week's 2026-09-21 fresh scan. All 4 portfolio addresses now named: 101 Camden St (12u) + 773-775 Sanford Ave (12u), both Newark; 282 Nesbit Terr + 122 Elmwood Ave (8u), both Irvington (out of primary/secondary scope, not separate leads). Buyer described as 'well-capitalized, all-cash' with stated renovation/unit-upgrade plans; still unnamed. Re-check in 1-2 weeks once buyer/deed surfaces."
